{
    "screensize": [
        1092.2666666666669,
        614.4000000000001
    ],
    "language": "vi",
    "fps": 60,
    "vsync": false,
    "music": 0.6677740863787376
}